==36742== NVPROF is profiling process 36742, command: /home/ruipan/anaconda3/bin/python /home/ruipan/pf-rui-shiv/experiments/gavel_workloads/language_modeling/main.py --cuda --model LSTM --data /home/ruipan/wikitext-2 --batch_size 40 --epochs 1 --apex-amp O1 --breakpoint 1
==36742== Some kernel(s) will be replayed on device 0 in order to collect all events/metrics.
==36742== Profiling application: /home/ruipan/anaconda3/bin/python /home/ruipan/pf-rui-shiv/experiments/gavel_workloads/language_modeling/main.py --cuda --model LSTM --data /home/ruipan/wikitext-2 --batch_size 40 --epochs 1 --apex-amp O1 --breakpoint 1
==36742== Profiling result:
==36742== Metric result:
"Device","Kernel","Invocations","Metric Name","Metric Description","Min","Max","Avg"
"Tesla V100-PCIE-16GB (0)","void cutlass::Kernel<cutlass_70_tensorop_f16_s884gemm_f16_256x128_tn_align2>(cutlass_70_tensorop_f16_s884gemm_f16_256x128_tn_align2Params)",1,"tensor_precision_fu_utilization","Tensor-Precision Function Unit Utilization","Mid (4)","Mid (4)","Mid (4)"
"Tesla V100-PCIE-16GB (0)","void cutlass::Kernel<cutlass_70_tensorop_f16_s884gemm_f16_256x128_tn_align2>(cutlass_70_tensorop_f16_s884gemm_f16_256x128_tn_align2Params)",1,"single_precision_fu_utilization","Single-Precision Function Unit Utilization","Low (1)","Low (1)","Low (1)"
"Tesla V100-PCIE-16GB (0)","void cutlass::Kernel<cutlass_70_tensorop_f16_s884gemm_f16_256x128_tn_align2>(cutlass_70_tensorop_f16_s884gemm_f16_256x128_tn_align2Params)",1,"double_precision_fu_utilization","Double-Precision Function Unit Utilization","Idle (0)","Idle (0)","Idle (0)"
"Tesla V100-PCIE-16GB (0)","void at::native::vectorized_elementwise_kernel<int=4, at::native::BUnaryFunctor<at::native::AddFunctor<float>>, at::detail::Array<char*, int=2>>(int, float, at::native::AddFunctor<float>)",1,"tensor_precision_fu_utilization","Tensor-Precision Function Unit Utilization","Idle (0)","Idle (0)","Idle (0)"
"Tesla V100-PCIE-16GB (0)","void at::native::vectorized_elementwise_kernel<int=4, at::native::BUnaryFunctor<at::native::AddFunctor<float>>, at::detail::Array<char*, int=2>>(int, float, at::native::AddFunctor<float>)",1,"single_precision_fu_utilization","Single-Precision Function Unit Utilization","Low (1)","Low (1)","Low (1)"
"Tesla V100-PCIE-16GB (0)","void at::native::vectorized_elementwise_kernel<int=4, at::native::BUnaryFunctor<at::native::AddFunctor<float>>, at::detail::Array<char*, int=2>>(int, float, at::native::AddFunctor<float>)",1,"double_precision_fu_utilization","Double-Precision Function Unit Utilization","Idle (0)","Idle (0)","Idle (0)"
"Tesla V100-PCIE-16GB (0)","void splitKreduce_kernel<__half, __half, float, __half>(cublasSplitKParams<float>, __half const *, __half const *, __half*, float const *, float const *, __half const *)",89,"tensor_precision_fu_utilization","Tensor-Precision Function Unit Utilization","Idle (0)","Idle (0)","Idle (0)"
"Tesla V100-PCIE-16GB (0)","void splitKreduce_kernel<__half, __half, float, __half>(cublasSplitKParams<float>, __half const *, __half const *, __half*, float const *, float const *, __half const *)",89,"single_precision_fu_utilization","Single-Precision Function Unit Utilization","Low (1)","Low (3)","Low (1)"
"Tesla V100-PCIE-16GB (0)","void splitKreduce_kernel<__half, __half, float, __half>(cublasSplitKParams<float>, __half const *, __half const *, __half*, float const *, float const *, __half const *)",89,"double_precision_fu_utilization","Double-Precision Function Unit Utilization","Idle (0)","Idle (0)","Idle (0)"
"Tesla V100-PCIE-16GB (0)","void at::native::_GLOBAL__N__54_tmpxft_000035b1_00000000_12_SoftMax_compute_80_cpp1_ii_a3310042::cunn_SoftMaxForward<int=4, float, float, float, at::native::_GLOBAL__N__54_tmpxft_000035b1_00000000_12_SoftMax_compute_80_cpp1_ii_a3310042::LogSoftMaxForwardEpilogue>(float*, float*, int)",1,"tensor_precision_fu_utilization","Tensor-Precision Function Unit Utilization","Idle (0)","Idle (0)","Idle (0)"
"Tesla V100-PCIE-16GB (0)","void at::native::_GLOBAL__N__54_tmpxft_000035b1_00000000_12_SoftMax_compute_80_cpp1_ii_a3310042::cunn_SoftMaxForward<int=4, float, float, float, at::native::_GLOBAL__N__54_tmpxft_000035b1_00000000_12_SoftMax_compute_80_cpp1_ii_a3310042::LogSoftMaxForwardEpilogue>(float*, float*, int)",1,"single_precision_fu_utilization","Single-Precision Function Unit Utilization","Low (2)","Low (2)","Low (2)"
"Tesla V100-PCIE-16GB (0)","void at::native::_GLOBAL__N__54_tmpxft_000035b1_00000000_12_SoftMax_compute_80_cpp1_ii_a3310042::cunn_SoftMaxForward<int=4, float, float, float, at::native::_GLOBAL__N__54_tmpxft_000035b1_00000000_12_SoftMax_compute_80_cpp1_ii_a3310042::LogSoftMaxForwardEpilogue>(float*, float*, int)",1,"double_precision_fu_utilization","Double-Precision Function Unit Utilization","Idle (0)","Idle (0)","Idle (0)"
"Tesla V100-PCIE-16GB (0)","void at::native::vectorized_elementwise_kernel<int=4, at::native::FillFunctor<int>, at::detail::Array<char*, int=1>>(int, int, at::native::FillFunctor<int>)",1,"tensor_precision_fu_utilization","Tensor-Precision Function Unit Utilization","Idle (0)","Idle (0)","Idle (0)"
"Tesla V100-PCIE-16GB (0)","void at::native::vectorized_elementwise_kernel<int=4, at::native::FillFunctor<int>, at::detail::Array<char*, int=1>>(int, int, at::native::FillFunctor<int>)",1,"single_precision_fu_utilization","Single-Precision Function Unit Utilization","Low (1)","Low (1)","Low (1)"
"Tesla V100-PCIE-16GB (0)","void at::native::vectorized_elementwise_kernel<int=4, at::native::FillFunctor<int>, at::detail::Array<char*, int=1>>(int, int, at::native::FillFunctor<int>)",1,"double_precision_fu_utilization","Double-Precision Function Unit Utilization","Idle (0)","Idle (0)","Idle (0)"
"Tesla V100-PCIE-16GB (0)","void at::native::_GLOBAL__N__52_tmpxft_0000356e_00000000_12_Shape_compute_80_cpp1_ii_cedd8df2::CatArrayBatchedCopy<long, unsigned int, int=1, int=64, int=64>(long*, at::native::_GLOBAL__N__52_tmpxft_0000356e_00000000_12_Shape_compute_80_cpp1_ii_cedd8df2::CatArrInputTensorMetadata<at::native::_GLOBAL__N__52_tmpxft_0000356e_00000000_12_Shape_compute_80_cpp1_ii_cedd8df2::CatArrayBatchedCopy<long, unsigned int, int=1, int=64, int=64>, unsigned int, int=64, int=64>, at::native::_GLOBAL__N__52_tmpxft_0000356e_00000000_12_Shape_compute_80_cpp1_ii_cedd8df2::TensorSizeStride<at::native::_GLOBAL__N__52_tmpxft_0000356e_00000000_12_Shape_compute_80_cpp1_ii_cedd8df2::CatArrInputTensorMetadata, unsigned int=4>, int, at::native::_GLOBAL__N__52_tmpxft_0000356e_00000000_12_Shape_compute_80_cpp1_ii_cedd8df2::CatArrInputTensorMetadata)",160,"tensor_precision_fu_utilization","Tensor-Precision Function Unit Utilization","Idle (0)","Idle (0)","Idle (0)"
"Tesla V100-PCIE-16GB (0)","void at::native::_GLOBAL__N__52_tmpxft_0000356e_00000000_12_Shape_compute_80_cpp1_ii_cedd8df2::CatArrayBatchedCopy<long, unsigned int, int=1, int=64, int=64>(long*, at::native::_GLOBAL__N__52_tmpxft_0000356e_00000000_12_Shape_compute_80_cpp1_ii_cedd8df2::CatArrInputTensorMetadata<at::native::_GLOBAL__N__52_tmpxft_0000356e_00000000_12_Shape_compute_80_cpp1_ii_cedd8df2::CatArrayBatchedCopy<long, unsigned int, int=1, int=64, int=64>, unsigned int, int=64, int=64>, at::native::_GLOBAL__N__52_tmpxft_0000356e_00000000_12_Shape_compute_80_cpp1_ii_cedd8df2::TensorSizeStride<at::native::_GLOBAL__N__52_tmpxft_0000356e_00000000_12_Shape_compute_80_cpp1_ii_cedd8df2::CatArrInputTensorMetadata, unsigned int=4>, int, at::native::_GLOBAL__N__52_tmpxft_0000356e_00000000_12_Shape_compute_80_cpp1_ii_cedd8df2::CatArrInputTensorMetadata)",160,"single_precision_fu_utilization","Single-Precision Function Unit Utilization","Low (1)","Low (1)","Low (1)"
"Tesla V100-PCIE-16GB (0)","void at::native::_GLOBAL__N__52_tmpxft_0000356e_00000000_12_Shape_compute_80_cpp1_ii_cedd8df2::CatArrayBatchedCopy<long, unsigned int, int=1, int=64, int=64>(long*, at::native::_GLOBAL__N__52_tmpxft_0000356e_00000000_12_Shape_compute_80_cpp1_ii_cedd8df2::CatArrInputTensorMetadata<at::native::_GLOBAL__N__52_tmpxft_0000356e_00000000_12_Shape_compute_80_cpp1_ii_cedd8df2::CatArrayBatchedCopy<long, unsigned int, int=1, int=64, int=64>, unsigned int, int=64, int=64>, at::native::_GLOBAL__N__52_tmpxft_0000356e_00000000_12_Shape_compute_80_cpp1_ii_cedd8df2::TensorSizeStride<at::native::_GLOBAL__N__52_tmpxft_0000356e_00000000_12_Shape_compute_80_cpp1_ii_cedd8df2::CatArrInputTensorMetadata, unsigned int=4>, int, at::native::_GLOBAL__N__52_tmpxft_0000356e_00000000_12_Shape_compute_80_cpp1_ii_cedd8df2::CatArrInputTensorMetadata)",160,"double_precision_fu_utilization","Double-Precision Function Unit Utilization","Idle (0)","Idle (0)","Idle (0)"
"Tesla V100-PCIE-16GB (0)","void at::native::vectorized_elementwise_kernel<int=4, at::native::BUnaryFunctor<at::native::CompareLTFunctor<float>>, at::detail::Array<char*, int=2>>(int, float, at::native::CompareLTFunctor<float>)",1,"tensor_precision_fu_utilization","Tensor-Precision Function Unit Utilization","Idle (0)","Idle (0)","Idle (0)"
"Tesla V100-PCIE-16GB (0)","void at::native::vectorized_elementwise_kernel<int=4, at::native::BUnaryFunctor<at::native::CompareLTFunctor<float>>, at::detail::Array<char*, int=2>>(int, float, at::native::CompareLTFunctor<float>)",1,"single_precision_fu_utilization","Single-Precision Function Unit Utilization","Low (1)","Low (1)","Low (1)"
"Tesla V100-PCIE-16GB (0)","void at::native::vectorized_elementwise_kernel<int=4, at::native::BUnaryFunctor<at::native::CompareLTFunctor<float>>, at::detail::Array<char*, int=2>>(int, float, at::native::CompareLTFunctor<float>)",1,"double_precision_fu_utilization","Double-Precision Function Unit Utilization","Idle (0)","Idle (0)","Idle (0)"
"Tesla V100-PCIE-16GB (0)","void thrust::cuda_cub::core::_kernel_agent<thrust::cuda_cub::__scan::ScanAgent<thrust::device_ptr<long>, thrust::device_ptr<long>, thrust::plus<long>, int, long, thrust::detail::integral_constant<bool, bool=0>>, thrust::device_ptr<long>, thrust::device_ptr<long>, thrust::plus<long>, int, cub::ScanTileState<long, bool=1>, thrust::cuda_cub::__scan::AddInitToExclusiveScan<long, thrust::plus<long>>>(thrust::device_ptr<long>, thrust::device_ptr<long>, long, thrust::plus<long>, int, long)",1,"tensor_precision_fu_utilization","Tensor-Precision Function Unit Utilization","Idle (0)","Idle (0)","Idle (0)"
"Tesla V100-PCIE-16GB (0)","void thrust::cuda_cub::core::_kernel_agent<thrust::cuda_cub::__scan::ScanAgent<thrust::device_ptr<long>, thrust::device_ptr<long>, thrust::plus<long>, int, long, thrust::detail::integral_constant<bool, bool=0>>, thrust::device_ptr<long>, thrust::device_ptr<long>, thrust::plus<long>, int, cub::ScanTileState<long, bool=1>, thrust::cuda_cub::__scan::AddInitToExclusiveScan<long, thrust::plus<long>>>(thrust::device_ptr<long>, thrust::device_ptr<long>, long, thrust::plus<long>, int, long)",1,"single_precision_fu_utilization","Single-Precision Function Unit Utilization","Low (1)","Low (1)","Low (1)"
"Tesla V100-PCIE-16GB (0)","void thrust::cuda_cub::core::_kernel_agent<thrust::cuda_cub::__scan::ScanAgent<thrust::device_ptr<long>, thrust::device_ptr<long>, thrust::plus<long>, int, long, thrust::detail::integral_constant<bool, bool=0>>, thrust::device_ptr<long>, thrust::device_ptr<long>, thrust::plus<long>, int, cub::ScanTileState<long, bool=1>, thrust::cuda_cub::__scan::AddInitToExclusiveScan<long, thrust::plus<long>>>(thrust::device_ptr<long>, thrust::device_ptr<long>, long, thrust::plus<long>, int, long)",1,"double_precision_fu_utilization","Double-Precision Function Unit Utilization","Idle (0)","Idle (0)","Idle (0)"
"Tesla V100-PCIE-16GB (0)","void at::native::_GLOBAL__N__54_tmpxft_00002a08_00000000_12_Dropout_compute_80_cpp1_ii_6a946dbb::fused_dropout_kernel_vec<float, float, unsigned int, int=1, int=4>(at::cuda::detail::TensorInfo<float, unsigned int>, unsigned int, at::cuda::detail<unsigned char, float>, float, float, at::PhiloxCudaState)",1,"tensor_precision_fu_utilization","Tensor-Precision Function Unit Utilization","Idle (0)","Idle (0)","Idle (0)"
"Tesla V100-PCIE-16GB (0)","void at::native::_GLOBAL__N__54_tmpxft_00002a08_00000000_12_Dropout_compute_80_cpp1_ii_6a946dbb::fused_dropout_kernel_vec<float, float, unsigned int, int=1, int=4>(at::cuda::detail::TensorInfo<float, unsigned int>, unsigned int, at::cuda::detail<unsigned char, float>, float, float, at::PhiloxCudaState)",1,"single_precision_fu_utilization","Single-Precision Function Unit Utilization","Low (3)","Low (3)","Low (3)"
"Tesla V100-PCIE-16GB (0)","void at::native::_GLOBAL__N__54_tmpxft_00002a08_00000000_12_Dropout_compute_80_cpp1_ii_6a946dbb::fused_dropout_kernel_vec<float, float, unsigned int, int=1, int=4>(at::cuda::detail::TensorInfo<float, unsigned int>, unsigned int, at::cuda::detail<unsigned char, float>, float, float, at::PhiloxCudaState)",1,"double_precision_fu_utilization","Double-Precision Function Unit Utilization","Idle (0)","Idle (0)","Idle (0)"
"Tesla V100-PCIE-16GB (0)","_ZN2at6native27unrolled_elementwise_kernelIZZZNS0_21copy_device_to_deviceERNS_14TensorIteratorEbENKUlvE0_clEvENKUlvE18_clEvEUlN3c104HalfEE_NS_6detail5ArrayIPcLi2EEE23TrivialOffsetCalculatorILi1EjESE_NS0_6memory12LoadWithCastILi1EEENSF_13StoreWithCastEEEviT_T0_T1_T2_T3_T4_",14,"tensor_precision_fu_utilization","Tensor-Precision Function Unit Utilization","Idle (0)","Idle (0)","Idle (0)"
"Tesla V100-PCIE-16GB (0)","_ZN2at6native27unrolled_elementwise_kernelIZZZNS0_21copy_device_to_deviceERNS_14TensorIteratorEbENKUlvE0_clEvENKUlvE18_clEvEUlN3c104HalfEE_NS_6detail5ArrayIPcLi2EEE23TrivialOffsetCalculatorILi1EjESE_NS0_6memory12LoadWithCastILi1EEENSF_13StoreWithCastEEEviT_T0_T1_T2_T3_T4_",14,"single_precision_fu_utilization","Single-Precision Function Unit Utilization","Low (1)","Low (2)","Low (1)"
"Tesla V100-PCIE-16GB (0)","_ZN2at6native27unrolled_elementwise_kernelIZZZNS0_21copy_device_to_deviceERNS_14TensorIteratorEbENKUlvE0_clEvENKUlvE18_clEvEUlN3c104HalfEE_NS_6detail5ArrayIPcLi2EEE23TrivialOffsetCalculatorILi1EjESE_NS0_6memory12LoadWithCastILi1EEENSF_13StoreWithCastEEEviT_T0_T1_T2_T3_T4_",14,"double_precision_fu_utilization","Double-Precision Function Unit Utilization","Idle (0)","Idle (0)","Idle (0)"
"Tesla V100-PCIE-16GB (0)","void cunn_ClassNLLCriterion_updateGradInput_kernel<float>(float*, float*, long*, float*, float*, int, int, int, int, long)",1,"tensor_precision_fu_utilization","Tensor-Precision Function Unit Utilization","Idle (0)","Idle (0)","Idle (0)"
"Tesla V100-PCIE-16GB (0)","void cunn_ClassNLLCriterion_updateGradInput_kernel<float>(float*, float*, long*, float*, float*, int, int, int, int, long)",1,"single_precision_fu_utilization","Single-Precision Function Unit Utilization","Low (1)","Low (1)","Low (1)"
"Tesla V100-PCIE-16GB (0)","void cunn_ClassNLLCriterion_updateGradInput_kernel<float>(float*, float*, long*, float*, float*, int, int, int, int, long)",1,"double_precision_fu_utilization","Double-Precision Function Unit Utilization","Idle (0)","Idle (0)","Idle (0)"
"Tesla V100-PCIE-16GB (0)","_ZN2at6native27unrolled_elementwise_kernelIZZZNS0_21copy_device_to_deviceERNS_14TensorIteratorEbENKUlvE0_clEvENKUlvE10_clEvEUllE_NS_6detail5ArrayIPcLi2EEE16OffsetCalculatorILi1EjESC_NS0_6memory15LoadWithoutCastENSD_16StoreWithoutCastEEEviT_T0_T1_T2_T3_T4_",3,"tensor_precision_fu_utilization","Tensor-Precision Function Unit Utilization","Idle (0)","Idle (0)","Idle (0)"
"Tesla V100-PCIE-16GB (0)","_ZN2at6native27unrolled_elementwise_kernelIZZZNS0_21copy_device_to_deviceERNS_14TensorIteratorEbENKUlvE0_clEvENKUlvE10_clEvEUllE_NS_6detail5ArrayIPcLi2EEE16OffsetCalculatorILi1EjESC_NS0_6memory15LoadWithoutCastENSD_16StoreWithoutCastEEEviT_T0_T1_T2_T3_T4_",3,"single_precision_fu_utilization","Single-Precision Function Unit Utilization","Low (1)","Low (1)","Low (1)"
"Tesla V100-PCIE-16GB (0)","_ZN2at6native27unrolled_elementwise_kernelIZZZNS0_21copy_device_to_deviceERNS_14TensorIteratorEbENKUlvE0_clEvENKUlvE10_clEvEUllE_NS_6detail5ArrayIPcLi2EEE16OffsetCalculatorILi1EjESC_NS0_6memory15LoadWithoutCastENSD_16StoreWithoutCastEEEviT_T0_T1_T2_T3_T4_",3,"double_precision_fu_utilization","Double-Precision Function Unit Utilization","Idle (0)","Idle (0)","Idle (0)"
"Tesla V100-PCIE-16GB (0)","void thrust::cuda_cub::core::_kernel_agent<thrust::cuda_cub::__merge_sort::BlockSortAgent<thrust::device_ptr<long>, thrust::device_ptr<long>, long, ThrustLTOp<long, bool=0>, thrust::detail::integral_constant<bool, bool=1>, thrust::detail::integral_constant<bool, bool=0>>, bool, thrust::device_ptr<long>, thrust::device_ptr<long>, long, long*, long*, ThrustLTOp<long, bool=0>>(thrust::device_ptr<long>, thrust::device_ptr<long>, long, long, bool=0, ThrustLTOp<long, bool=0>, bool)",1,"tensor_precision_fu_utilization","Tensor-Precision Function Unit Utilization","Idle (0)","Idle (0)","Idle (0)"
"Tesla V100-PCIE-16GB (0)","void thrust::cuda_cub::core::_kernel_agent<thrust::cuda_cub::__merge_sort::BlockSortAgent<thrust::device_ptr<long>, thrust::device_ptr<long>, long, ThrustLTOp<long, bool=0>, thrust::detail::integral_constant<bool, bool=1>, thrust::detail::integral_constant<bool, bool=0>>, bool, thrust::device_ptr<long>, thrust::device_ptr<long>, long, long*, long*, ThrustLTOp<long, bool=0>>(thrust::device_ptr<long>, thrust::device_ptr<long>, long, long, bool=0, ThrustLTOp<long, bool=0>, bool)",1,"single_precision_fu_utilization","Single-Precision Function Unit Utilization","Low (1)","Low (1)","Low (1)"
"Tesla V100-PCIE-16GB (0)","void thrust::cuda_cub::core::_kernel_agent<thrust::cuda_cub::__merge_sort::BlockSortAgent<thrust::device_ptr<long>, thrust::device_ptr<long>, long, ThrustLTOp<long, bool=0>, thrust::detail::integral_constant<bool, bool=1>, thrust::detail::integral_constant<bool, bool=0>>, bool, thrust::device_ptr<long>, thrust::device_ptr<long>, long, long*, long*, ThrustLTOp<long, bool=0>>(thrust::device_ptr<long>, thrust::device_ptr<long>, long, long, bool=0, ThrustLTOp<long, bool=0>, bool)",1,"double_precision_fu_utilization","Double-Precision Function Unit Utilization","Idle (0)","Idle (0)","Idle (0)"
"Tesla V100-PCIE-16GB (0)","void cudnn::dropout_bp<__half, float, int=-2, int=1, int=4>(__half const *, cudnnTensorStruct, cudnn::dropout_bp<__half, float, int=-2, int=1, int=4>*, __half const *, float, unsigned int*, int)",70,"tensor_precision_fu_utilization","Tensor-Precision Function Unit Utilization","Idle (0)","Idle (0)","Idle (0)"
"Tesla V100-PCIE-16GB (0)","void cudnn::dropout_bp<__half, float, int=-2, int=1, int=4>(__half const *, cudnnTensorStruct, cudnn::dropout_bp<__half, float, int=-2, int=1, int=4>*, __half const *, float, unsigned int*, int)",70,"single_precision_fu_utilization","Single-Precision Function Unit Utilization","Low (1)","Low (1)","Low (1)"
"Tesla V100-PCIE-16GB (0)","void cudnn::dropout_bp<__half, float, int=-2, int=1, int=4>(__half const *, cudnnTensorStruct, cudnn::dropout_bp<__half, float, int=-2, int=1, int=4>*, __half const *, float, unsigned int*, int)",70,"double_precision_fu_utilization","Double-Precision Function Unit Utilization","Idle (0)","Idle (0)","Idle (0)"
"Tesla V100-PCIE-16GB (0)","_ZN2at6native29vectorized_elementwise_kernelILi4EZZZNS0_22reciprocal_kernel_cudaERNS_14TensorIteratorEENKUlvE_clEvENKUlvE2_clEvEUlfE_NS_6detail5ArrayIPcLi2EEEEEviT0_T1_",1,"tensor_precision_fu_utilization","Tensor-Precision Function Unit Utilization","Idle (0)","Idle (0)","Idle (0)"
"Tesla V100-PCIE-16GB (0)","_ZN2at6native29vectorized_elementwise_kernelILi4EZZZNS0_22reciprocal_kernel_cudaERNS_14TensorIteratorEENKUlvE_clEvENKUlvE2_clEvEUlfE_NS_6detail5ArrayIPcLi2EEEEEviT0_T1_",1,"single_precision_fu_utilization","Single-Precision Function Unit Utilization","Low (1)","Low (1)","Low (1)"
"Tesla V100-PCIE-16GB (0)","_ZN2at6native29vectorized_elementwise_kernelILi4EZZZNS0_22reciprocal_kernel_cudaERNS_14TensorIteratorEENKUlvE_clEvENKUlvE2_clEvEUlfE_NS_6detail5ArrayIPcLi2EEEEEviT0_T1_",1,"double_precision_fu_utilization","Double-Precision Function Unit Utilization","Idle (0)","Idle (0)","Idle (0)"
"Tesla V100-PCIE-16GB (0)","void at::native::vectorized_elementwise_kernel<int=4, at::native::FillFunctor<float>, at::detail::Array<char*, int=1>>(int, float, at::native::FillFunctor<float>)",5,"tensor_precision_fu_utilization","Tensor-Precision Function Unit Utilization","Idle (0)","Idle (0)","Idle (0)"
"Tesla V100-PCIE-16GB (0)","void at::native::vectorized_elementwise_kernel<int=4, at::native::FillFunctor<float>, at::detail::Array<char*, int=1>>(int, float, at::native::FillFunctor<float>)",5,"single_precision_fu_utilization","Single-Precision Function Unit Utilization","Low (1)","Low (1)","Low (1)"
"Tesla V100-PCIE-16GB (0)","void at::native::vectorized_elementwise_kernel<int=4, at::native::FillFunctor<float>, at::detail::Array<char*, int=1>>(int, float, at::native::FillFunctor<float>)",5,"double_precision_fu_utilization","Double-Precision Function Unit Utilization","Idle (0)","Idle (0)","Idle (0)"
"Tesla V100-PCIE-16GB (0)","void at::native::_GLOBAL__N__54_tmpxft_000035b1_00000000_12_SoftMax_compute_80_cpp1_ii_a3310042::cunn_SoftMaxBackward<int=4, float, float, float, at::native::_GLOBAL__N__54_tmpxft_000035b1_00000000_12_SoftMax_compute_80_cpp1_ii_a3310042::LogSoftMaxBackwardEpilogue>(float*, float*, float, int)",1,"tensor_precision_fu_utilization","Tensor-Precision Function Unit Utilization","Idle (0)","Idle (0)","Idle (0)"
"Tesla V100-PCIE-16GB (0)","void at::native::_GLOBAL__N__54_tmpxft_000035b1_00000000_12_SoftMax_compute_80_cpp1_ii_a3310042::cunn_SoftMaxBackward<int=4, float, float, float, at::native::_GLOBAL__N__54_tmpxft_000035b1_00000000_12_SoftMax_compute_80_cpp1_ii_a3310042::LogSoftMaxBackwardEpilogue>(float*, float*, float, int)",1,"single_precision_fu_utilization","Single-Precision Function Unit Utilization","Low (1)","Low (1)","Low (1)"
"Tesla V100-PCIE-16GB (0)","void at::native::_GLOBAL__N__54_tmpxft_000035b1_00000000_12_SoftMax_compute_80_cpp1_ii_a3310042::cunn_SoftMaxBackward<int=4, float, float, float, at::native::_GLOBAL__N__54_tmpxft_000035b1_00000000_12_SoftMax_compute_80_cpp1_ii_a3310042::LogSoftMaxBackwardEpilogue>(float*, float*, float, int)",1,"double_precision_fu_utilization","Double-Precision Function Unit Utilization","Idle (0)","Idle (0)","Idle (0)"
"Tesla V100-PCIE-16GB (0)","void LSTM_elementWise_bp1<__half, __half, float>(int, int, __half*, __half*, __half*, __half*, __half*, __half*, __half*, __half*, __half*, int, int, cudnnRNNClipMode_t, cudnnNanPropagation_t, float, float)",70,"tensor_precision_fu_utilization","Tensor-Precision Function Unit Utilization","Idle (0)","Idle (0)","Idle (0)"
"Tesla V100-PCIE-16GB (0)","void LSTM_elementWise_bp1<__half, __half, float>(int, int, __half*, __half*, __half*, __half*, __half*, __half*, __half*, __half*, __half*, int, int, cudnnRNNClipMode_t, cudnnNanPropagation_t, float, float)",70,"single_precision_fu_utilization","Single-Precision Function Unit Utilization","Low (1)","Low (2)","Low (1)"
"Tesla V100-PCIE-16GB (0)","void LSTM_elementWise_bp1<__half, __half, float>(int, int, __half*, __half*, __half*, __half*, __half*, __half*, __half*, __half*, __half*, int, int, cudnnRNNClipMode_t, cudnnNanPropagation_t, float, float)",70,"double_precision_fu_utilization","Double-Precision Function Unit Utilization","Idle (0)","Idle (0)","Idle (0)"
"Tesla V100-PCIE-16GB (0)","void at::native::_GLOBAL__N__52_tmpxft_0000356e_00000000_12_Shape_compute_80_cpp1_ii_cedd8df2::CatArrayBatchedCopy<float, unsigned int, int=1, int=128, int=1>(float*, at::native::_GLOBAL__N__52_tmpxft_0000356e_00000000_12_Shape_compute_80_cpp1_ii_cedd8df2::CatArrInputTensorMetadata<at::native::_GLOBAL__N__52_tmpxft_0000356e_00000000_12_Shape_compute_80_cpp1_ii_cedd8df2::CatArrayBatchedCopy<float, unsigned int, int=1, int=128, int=1>, unsigned int, int=128, int=1>, at::native::_GLOBAL__N__52_tmpxft_0000356e_00000000_12_Shape_compute_80_cpp1_ii_cedd8df2::TensorSizeStride<at::native::_GLOBAL__N__52_tmpxft_0000356e_00000000_12_Shape_compute_80_cpp1_ii_cedd8df2::CatArrInputTensorMetadata, unsigned int=4>, int, at::native::_GLOBAL__N__52_tmpxft_0000356e_00000000_12_Shape_compute_80_cpp1_ii_cedd8df2::CatArrInputTensorMetadata)",1,"tensor_precision_fu_utilization","Tensor-Precision Function Unit Utilization","Idle (0)","Idle (0)","Idle (0)"
"Tesla V100-PCIE-16GB (0)","void at::native::_GLOBAL__N__52_tmpxft_0000356e_00000000_12_Shape_compute_80_cpp1_ii_cedd8df2::CatArrayBatchedCopy<float, unsigned int, int=1, int=128, int=1>(float*, at::native::_GLOBAL__N__52_tmpxft_0000356e_00000000_12_Shape_compute_80_cpp1_ii_cedd8df2::CatArrInputTensorMetadata<at::native::_GLOBAL__N__52_tmpxft_0000356e_00000000_12_Shape_compute_80_cpp1_ii_cedd8df2::CatArrayBatchedCopy<float, unsigned int, int=1, int=128, int=1>, unsigned int, int=128, int=1>, at::native::_GLOBAL__N__52_tmpxft_0000356e_00000000_12_Shape_compute_80_cpp1_ii_cedd8df2::TensorSizeStride<at::native::_GLOBAL__N__52_tmpxft_0000356e_00000000_12_Shape_compute_80_cpp1_ii_cedd8df2::CatArrInputTensorMetadata, unsigned int=4>, int, at::native::_GLOBAL__N__52_tmpxft_0000356e_00000000_12_Shape_compute_80_cpp1_ii_cedd8df2::CatArrInputTensorMetadata)",1,"single_precision_fu_utilization","Single-Precision Function Unit Utilization","Low (1)","Low (1)","Low (1)"
"Tesla V100-PCIE-16GB (0)","void at::native::_GLOBAL__N__52_tmpxft_0000356e_00000000_12_Shape_compute_80_cpp1_ii_cedd8df2::CatArrayBatchedCopy<float, unsigned int, int=1, int=128, int=1>(float*, at::native::_GLOBAL__N__52_tmpxft_0000356e_00000000_12_Shape_compute_80_cpp1_ii_cedd8df2::CatArrInputTensorMetadata<at::native::_GLOBAL__N__52_tmpxft_0000356e_00000000_12_Shape_compute_80_cpp1_ii_cedd8df2::CatArrayBatchedCopy<float, unsigned int, int=1, int=128, int=1>, unsigned int, int=128, int=1>, at::native::_GLOBAL__N__52_tmpxft_0000356e_00000000_12_Shape_compute_80_cpp1_ii_cedd8df2::TensorSizeStride<at::native::_GLOBAL__N__52_tmpxft_0000356e_00000000_12_Shape_compute_80_cpp1_ii_cedd8df2::CatArrInputTensorMetadata, unsigned int=4>, int, at::native::_GLOBAL__N__52_tmpxft_0000356e_00000000_12_Shape_compute_80_cpp1_ii_cedd8df2::CatArrInputTensorMetadata)",1,"double_precision_fu_utilization","Double-Precision Function Unit Utilization","Idle (0)","Idle (0)","Idle (0)"
"Tesla V100-PCIE-16GB (0)","void LSTM_elementWise_fp<__half, __half, float, cudnnRNNBiasMode_t=2>(int, int, int, int, __half const *, __half const *, __half const *, __half const *, cudnn::reduced_divisor, __half*, __half*, __half*, __half const *, __half*, bool, int, cudnnRNNClipMode_t, cudnnNanPropagation_t, float, float)",70,"tensor_precision_fu_utilization","Tensor-Precision Function Unit Utilization","Idle (0)","Idle (0)","Idle (0)"
"Tesla V100-PCIE-16GB (0)","void LSTM_elementWise_fp<__half, __half, float, cudnnRNNBiasMode_t=2>(int, int, int, int, __half const *, __half const *, __half const *, __half const *, cudnn::reduced_divisor, __half*, __half*, __half*, __half const *, __half*, bool, int, cudnnRNNClipMode_t, cudnnNanPropagation_t, float, float)",70,"single_precision_fu_utilization","Single-Precision Function Unit Utilization","Low (1)","Low (1)","Low (1)"
"Tesla V100-PCIE-16GB (0)","void LSTM_elementWise_fp<__half, __half, float, cudnnRNNBiasMode_t=2>(int, int, int, int, __half const *, __half const *, __half const *, __half const *, cudnn::reduced_divisor, __half*, __half*, __half*, __half const *, __half*, bool, int, cudnnRNNClipMode_t, cudnnNanPropagation_t, float, float)",70,"double_precision_fu_utilization","Double-Precision Function Unit Utilization","Idle (0)","Idle (0)","Idle (0)"
"Tesla V100-PCIE-16GB (0)","void thrust::cuda_cub::core::_kernel_agent<thrust::cuda_cub::__parallel_for::ParallelForAgent<thrust::cuda_cub::__transform::unary_transform_f<thrust::counting_iterator<long, thrust::use_default, thrust::use_default, thrust::use_default>, thrust::device_ptr<long>, thrust::cuda_cub::__transform::no_stencil_tag, thrust::identity<long>, thrust::cuda_cub::__transform::always_true_predicate>, long>, thrust::cuda_cub::__transform::unary_transform_f<thrust::counting_iterator<long, thrust::use_default, thrust::use_default, thrust::use_default>, thrust::device_ptr<long>, thrust::cuda_cub::__transform::no_stencil_tag, thrust::identity<long>, thrust::cuda_cub::__transform::always_true_predicate>, long>(thrust::use_default, thrust::use_default)",1,"tensor_precision_fu_utilization","Tensor-Precision Function Unit Utilization","Idle (0)","Idle (0)","Idle (0)"
"Tesla V100-PCIE-16GB (0)","void thrust::cuda_cub::core::_kernel_agent<thrust::cuda_cub::__parallel_for::ParallelForAgent<thrust::cuda_cub::__transform::unary_transform_f<thrust::counting_iterator<long, thrust::use_default, thrust::use_default, thrust::use_default>, thrust::device_ptr<long>, thrust::cuda_cub::__transform::no_stencil_tag, thrust::identity<long>, thrust::cuda_cub::__transform::always_true_predicate>, long>, thrust::cuda_cub::__transform::unary_transform_f<thrust::counting_iterator<long, thrust::use_default, thrust::use_default, thrust::use_default>, thrust::device_ptr<long>, thrust::cuda_cub::__transform::no_stencil_tag, thrust::identity<long>, thrust::cuda_cub::__transform::always_true_predicate>, long>(thrust::use_default, thrust::use_default)",1,"single_precision_fu_utilization","Single-Precision Function Unit Utilization","Low (1)","Low (1)","Low (1)"
"Tesla V100-PCIE-16GB (0)","void thrust::cuda_cub::core::_kernel_agent<thrust::cuda_cub::__parallel_for::ParallelForAgent<thrust::cuda_cub::__transform::unary_transform_f<thrust::counting_iterator<long, thrust::use_default, thrust::use_default, thrust::use_default>, thrust::device_ptr<long>, thrust::cuda_cub::__transform::no_stencil_tag, thrust::identity<long>, thrust::cuda_cub::__transform::always_true_predicate>, long>, thrust::cuda_cub::__transform::unary_transform_f<thrust::counting_iterator<long, thrust::use_default, thrust::use_default, thrust::use_default>, thrust::device_ptr<long>, thrust::cuda_cub::__transform::no_stencil_tag, thrust::identity<long>, thrust::cuda_cub::__transform::always_true_predicate>, long>(thrust::use_default, thrust::use_default)",1,"double_precision_fu_utilization","Double-Precision Function Unit Utilization","Idle (0)","Idle (0)","Idle (0)"
"Tesla V100-PCIE-16GB (0)","_ZN2at6native29vectorized_elementwise_kernelILi4EZNS0_78_GLOBAL__N__54_tmpxft_00002a08_00000000_12_Dropout_compute_80_cpp1_ii_6a946dbb19masked_scale_kernelIN3c104HalfEfEEvRNS_6TensorES6_S6_T0_EUlS5_hE_NS_6detail5ArrayIPcLi3EEEEEviS8_T1_",1,"tensor_precision_fu_utilization","Tensor-Precision Function Unit Utilization","Idle (0)","Idle (0)","Idle (0)"
"Tesla V100-PCIE-16GB (0)","_ZN2at6native29vectorized_elementwise_kernelILi4EZNS0_78_GLOBAL__N__54_tmpxft_00002a08_00000000_12_Dropout_compute_80_cpp1_ii_6a946dbb19masked_scale_kernelIN3c104HalfEfEEvRNS_6TensorES6_S6_T0_EUlS5_hE_NS_6detail5ArrayIPcLi3EEEEEviS8_T1_",1,"single_precision_fu_utilization","Single-Precision Function Unit Utilization","Low (1)","Low (1)","Low (1)"
"Tesla V100-PCIE-16GB (0)","_ZN2at6native29vectorized_elementwise_kernelILi4EZNS0_78_GLOBAL__N__54_tmpxft_00002a08_00000000_12_Dropout_compute_80_cpp1_ii_6a946dbb19masked_scale_kernelIN3c104HalfEfEEvRNS_6TensorES6_S6_T0_EUlS5_hE_NS_6detail5ArrayIPcLi3EEEEEviS8_T1_",1,"double_precision_fu_utilization","Double-Precision Function Unit Utilization","Idle (0)","Idle (0)","Idle (0)"
"Tesla V100-PCIE-16GB (0)","void at::native::vectorized_elementwise_kernel<int=4, at::native::MulScalarFunctor<float, float>, at::detail::Array<char*, int=2>>(int, float, float)",3,"tensor_precision_fu_utilization","Tensor-Precision Function Unit Utilization","Idle (0)","Idle (0)","Idle (0)"
"Tesla V100-PCIE-16GB (0)","void at::native::vectorized_elementwise_kernel<int=4, at::native::MulScalarFunctor<float, float>, at::detail::Array<char*, int=2>>(int, float, float)",3,"single_precision_fu_utilization","Single-Precision Function Unit Utilization","Low (1)","Low (1)","Low (1)"
"Tesla V100-PCIE-16GB (0)","void at::native::vectorized_elementwise_kernel<int=4, at::native::MulScalarFunctor<float, float>, at::detail::Array<char*, int=2>>(int, float, float)",3,"double_precision_fu_utilization","Double-Precision Function Unit Utilization","Idle (0)","Idle (0)","Idle (0)"
"Tesla V100-PCIE-16GB (0)","void GENERIC_elementWise_bp2<__half, __half, float, int=4, cudnnRNNBiasMode_t=2>(int, int, __half*, __half*, cudnn::reduced_divisor, __half*)",2,"tensor_precision_fu_utilization","Tensor-Precision Function Unit Utilization","Idle (0)","Idle (0)","Idle (0)"
"Tesla V100-PCIE-16GB (0)","void GENERIC_elementWise_bp2<__half, __half, float, int=4, cudnnRNNBiasMode_t=2>(int, int, __half*, __half*, cudnn::reduced_divisor, __half*)",2,"single_precision_fu_utilization","Single-Precision Function Unit Utilization","Low (3)","Low (3)","Low (3)"
"Tesla V100-PCIE-16GB (0)","void GENERIC_elementWise_bp2<__half, __half, float, int=4, cudnnRNNBiasMode_t=2>(int, int, __half*, __half*, cudnn::reduced_divisor, __half*)",2,"double_precision_fu_utilization","Double-Precision Function Unit Utilization","Idle (0)","Idle (0)","Idle (0)"
"Tesla V100-PCIE-16GB (0)","void cunn_ClassNLLCriterion_updateOutput_kernel<float, float>(float*, float*, float*, long*, float*, int, int, int, int, long)",1,"tensor_precision_fu_utilization","Tensor-Precision Function Unit Utilization","Idle (0)","Idle (0)","Idle (0)"
"Tesla V100-PCIE-16GB (0)","void cunn_ClassNLLCriterion_updateOutput_kernel<float, float>(float*, float*, float*, long*, float*, int, int, int, int, long)",1,"single_precision_fu_utilization","Single-Precision Function Unit Utilization","Low (1)","Low (1)","Low (1)"
"Tesla V100-PCIE-16GB (0)","void cunn_ClassNLLCriterion_updateOutput_kernel<float, float>(float*, float*, float*, long*, float*, int, int, int, int, long)",1,"double_precision_fu_utilization","Double-Precision Function Unit Utilization","Idle (0)","Idle (0)","Idle (0)"
"Tesla V100-PCIE-16GB (0)","volta_fp16_s884gemm_fp16_64x64_ldg8_f2f_nn",88,"tensor_precision_fu_utilization","Tensor-Precision Function Unit Utilization","Low (1)","Low (2)","Low (1)"
"Tesla V100-PCIE-16GB (0)","volta_fp16_s884gemm_fp16_64x64_ldg8_f2f_nn",88,"single_precision_fu_utilization","Single-Precision Function Unit Utilization","Low (1)","Low (1)","Low (1)"
"Tesla V100-PCIE-16GB (0)","volta_fp16_s884gemm_fp16_64x64_ldg8_f2f_nn",88,"double_precision_fu_utilization","Double-Precision Function Unit Utilization","Idle (0)","Idle (0)","Idle (0)"
"Tesla V100-PCIE-16GB (0)","void cutlass::Kernel<cutlass_70_tensorop_f16_s884gemm_f16_256x128_nt_align2>(cutlass_70_tensorop_f16_s884gemm_f16_256x128_nt_align2Params)",1,"tensor_precision_fu_utilization","Tensor-Precision Function Unit Utilization","Mid (6)","Mid (6)","Mid (6)"
"Tesla V100-PCIE-16GB (0)","void cutlass::Kernel<cutlass_70_tensorop_f16_s884gemm_f16_256x128_nt_align2>(cutlass_70_tensorop_f16_s884gemm_f16_256x128_nt_align2Params)",1,"single_precision_fu_utilization","Single-Precision Function Unit Utilization","Low (1)","Low (1)","Low (1)"
"Tesla V100-PCIE-16GB (0)","void cutlass::Kernel<cutlass_70_tensorop_f16_s884gemm_f16_256x128_nt_align2>(cutlass_70_tensorop_f16_s884gemm_f16_256x128_nt_align2Params)",1,"double_precision_fu_utilization","Double-Precision Function Unit Utilization","Idle (0)","Idle (0)","Idle (0)"
"Tesla V100-PCIE-16GB (0)","_ZN2at6native27unrolled_elementwise_kernelIZZZNS0_21copy_device_to_deviceERNS_14TensorIteratorEbENKUlvE0_clEvENKUlvE18_clEvEUlN3c104HalfEE_NS_6detail5ArrayIPcLi2EEE16OffsetCalculatorILi1EjESE_NS0_6memory15LoadWithoutCastENSF_16StoreWithoutCastEEEviT_T0_T1_T2_T3_T4_",1,"tensor_precision_fu_utilization","Tensor-Precision Function Unit Utilization","Idle (0)","Idle (0)","Idle (0)"
"Tesla V100-PCIE-16GB (0)","_ZN2at6native27unrolled_elementwise_kernelIZZZNS0_21copy_device_to_deviceERNS_14TensorIteratorEbENKUlvE0_clEvENKUlvE18_clEvEUlN3c104HalfEE_NS_6detail5ArrayIPcLi2EEE16OffsetCalculatorILi1EjESE_NS0_6memory15LoadWithoutCastENSF_16StoreWithoutCastEEEviT_T0_T1_T2_T3_T4_",1,"single_precision_fu_utilization","Single-Precision Function Unit Utilization","Mid (5)","Mid (5)","Mid (5)"
"Tesla V100-PCIE-16GB (0)","_ZN2at6native27unrolled_elementwise_kernelIZZZNS0_21copy_device_to_deviceERNS_14TensorIteratorEbENKUlvE0_clEvENKUlvE18_clEvEUlN3c104HalfEE_NS_6detail5ArrayIPcLi2EEE16OffsetCalculatorILi1EjESE_NS0_6memory15LoadWithoutCastENSF_16StoreWithoutCastEEEviT_T0_T1_T2_T3_T4_",1,"double_precision_fu_utilization","Double-Precision Function Unit Utilization","Idle (0)","Idle (0)","Idle (0)"
"Tesla V100-PCIE-16GB (0)","volta_fp16_s884gemm_fp16_64x64_ldg8_f2f_nt",2,"tensor_precision_fu_utilization","Tensor-Precision Function Unit Utilization","Low (1)","Low (1)","Low (1)"
"Tesla V100-PCIE-16GB (0)","volta_fp16_s884gemm_fp16_64x64_ldg8_f2f_nt",2,"single_precision_fu_utilization","Single-Precision Function Unit Utilization","Low (1)","Low (1)","Low (1)"
"Tesla V100-PCIE-16GB (0)","volta_fp16_s884gemm_fp16_64x64_ldg8_f2f_nt",2,"double_precision_fu_utilization","Double-Precision Function Unit Utilization","Idle (0)","Idle (0)","Idle (0)"
"Tesla V100-PCIE-16GB (0)","void cudnn::dropout_fp<__half, float, int=-2, int=1, int=4>(__half const *, cudnnTensorStruct, cudnn::dropout_fp<__half, float, int=-2, int=1, int=4>*, __half const *, float, curandStateXORWOW*, unsigned int*, int)",35,"tensor_precision_fu_utilization","Tensor-Precision Function Unit Utilization","Idle (0)","Idle (0)","Idle (0)"
"Tesla V100-PCIE-16GB (0)","void cudnn::dropout_fp<__half, float, int=-2, int=1, int=4>(__half const *, cudnnTensorStruct, cudnn::dropout_fp<__half, float, int=-2, int=1, int=4>*, __half const *, float, curandStateXORWOW*, unsigned int*, int)",35,"single_precision_fu_utilization","Single-Precision Function Unit Utilization","Low (1)","Low (1)","Low (1)"
"Tesla V100-PCIE-16GB (0)","void cudnn::dropout_fp<__half, float, int=-2, int=1, int=4>(__half const *, cudnnTensorStruct, cudnn::dropout_fp<__half, float, int=-2, int=1, int=4>*, __half const *, float, curandStateXORWOW*, unsigned int*, int)",35,"double_precision_fu_utilization","Double-Precision Function Unit Utilization","Idle (0)","Idle (0)","Idle (0)"
"Tesla V100-PCIE-16GB (0)","_Z25multi_tensor_apply_kernelI18TensorListMetadataILi2EE12ScaleFunctorIffEJfEEviPViT_T0_DpT1_",1,"tensor_precision_fu_utilization","Tensor-Precision Function Unit Utilization","Idle (0)","Idle (0)","Idle (0)"
"Tesla V100-PCIE-16GB (0)","_Z25multi_tensor_apply_kernelI18TensorListMetadataILi2EE12ScaleFunctorIffEJfEEviPViT_T0_DpT1_",1,"single_precision_fu_utilization","Single-Precision Function Unit Utilization","Low (1)","Low (1)","Low (1)"
"Tesla V100-PCIE-16GB (0)","_Z25multi_tensor_apply_kernelI18TensorListMetadataILi2EE12ScaleFunctorIffEJfEEviPViT_T0_DpT1_",1,"double_precision_fu_utilization","Double-Precision Function Unit Utilization","Idle (0)","Idle (0)","Idle (0)"
"Tesla V100-PCIE-16GB (0)","void at::native::_GLOBAL__N__52_tmpxft_0000356e_00000000_12_Shape_compute_80_cpp1_ii_cedd8df2::CatArrayBatchedCopy<long, unsigned int, int=2, int=128, int=1>(long*, at::native::_GLOBAL__N__52_tmpxft_0000356e_00000000_12_Shape_compute_80_cpp1_ii_cedd8df2::CatArrInputTensorMetadata<at::native::_GLOBAL__N__52_tmpxft_0000356e_00000000_12_Shape_compute_80_cpp1_ii_cedd8df2::CatArrayBatchedCopy<long, unsigned int, int=2, int=128, int=1>, unsigned int, int=128, int=1>, at::native::_GLOBAL__N__52_tmpxft_0000356e_00000000_12_Shape_compute_80_cpp1_ii_cedd8df2::TensorSizeStride<at::native::_GLOBAL__N__52_tmpxft_0000356e_00000000_12_Shape_compute_80_cpp1_ii_cedd8df2::CatArrInputTensorMetadata, unsigned int=4>, int, at::native::_GLOBAL__N__52_tmpxft_0000356e_00000000_12_Shape_compute_80_cpp1_ii_cedd8df2::CatArrInputTensorMetadata)",4,"tensor_precision_fu_utilization","Tensor-Precision Function Unit Utilization","Idle (0)","Idle (0)","Idle (0)"
"Tesla V100-PCIE-16GB (0)","void at::native::_GLOBAL__N__52_tmpxft_0000356e_00000000_12_Shape_compute_80_cpp1_ii_cedd8df2::CatArrayBatchedCopy<long, unsigned int, int=2, int=128, int=1>(long*, at::native::_GLOBAL__N__52_tmpxft_0000356e_00000000_12_Shape_compute_80_cpp1_ii_cedd8df2::CatArrInputTensorMetadata<at::native::_GLOBAL__N__52_tmpxft_0000356e_00000000_12_Shape_compute_80_cpp1_ii_cedd8df2::CatArrayBatchedCopy<long, unsigned int, int=2, int=128, int=1>, unsigned int, int=128, int=1>, at::native::_GLOBAL__N__52_tmpxft_0000356e_00000000_12_Shape_compute_80_cpp1_ii_cedd8df2::TensorSizeStride<at::native::_GLOBAL__N__52_tmpxft_0000356e_00000000_12_Shape_compute_80_cpp1_ii_cedd8df2::CatArrInputTensorMetadata, unsigned int=4>, int, at::native::_GLOBAL__N__52_tmpxft_0000356e_00000000_12_Shape_compute_80_cpp1_ii_cedd8df2::CatArrInputTensorMetadata)",4,"single_precision_fu_utilization","Single-Precision Function Unit Utilization","Low (1)","Low (2)","Low (1)"
"Tesla V100-PCIE-16GB (0)","void at::native::_GLOBAL__N__52_tmpxft_0000356e_00000000_12_Shape_compute_80_cpp1_ii_cedd8df2::CatArrayBatchedCopy<long, unsigned int, int=2, int=128, int=1>(long*, at::native::_GLOBAL__N__52_tmpxft_0000356e_00000000_12_Shape_compute_80_cpp1_ii_cedd8df2::CatArrInputTensorMetadata<at::native::_GLOBAL__N__52_tmpxft_0000356e_00000000_12_Shape_compute_80_cpp1_ii_cedd8df2::CatArrayBatchedCopy<long, unsigned int, int=2, int=128, int=1>, unsigned int, int=128, int=1>, at::native::_GLOBAL__N__52_tmpxft_0000356e_00000000_12_Shape_compute_80_cpp1_ii_cedd8df2::TensorSizeStride<at::native::_GLOBAL__N__52_tmpxft_0000356e_00000000_12_Shape_compute_80_cpp1_ii_cedd8df2::CatArrInputTensorMetadata, unsigned int=4>, int, at::native::_GLOBAL__N__52_tmpxft_0000356e_00000000_12_Shape_compute_80_cpp1_ii_cedd8df2::CatArrInputTensorMetadata)",4,"double_precision_fu_utilization","Double-Precision Function Unit Utilization","Idle (0)","Idle (0)","Idle (0)"
"Tesla V100-PCIE-16GB (0)","_ZN2at6native29vectorized_elementwise_kernelILi4EZNS0_78_GLOBAL__N__54_tmpxft_00002a08_00000000_12_Dropout_compute_80_cpp1_ii_6a946dbb19masked_scale_kernelIffEEvRNS_6TensorES4_S4_T0_EUlfhE_NS_6detail5ArrayIPcLi3EEEEEviS6_T1_",1,"tensor_precision_fu_utilization","Tensor-Precision Function Unit Utilization","Idle (0)","Idle (0)","Idle (0)"
"Tesla V100-PCIE-16GB (0)","_ZN2at6native29vectorized_elementwise_kernelILi4EZNS0_78_GLOBAL__N__54_tmpxft_00002a08_00000000_12_Dropout_compute_80_cpp1_ii_6a946dbb19masked_scale_kernelIffEEvRNS_6TensorES4_S4_T0_EUlfhE_NS_6detail5ArrayIPcLi3EEEEEviS6_T1_",1,"single_precision_fu_utilization","Single-Precision Function Unit Utilization","Low (1)","Low (1)","Low (1)"
"Tesla V100-PCIE-16GB (0)","_ZN2at6native29vectorized_elementwise_kernelILi4EZNS0_78_GLOBAL__N__54_tmpxft_00002a08_00000000_12_Dropout_compute_80_cpp1_ii_6a946dbb19masked_scale_kernelIffEEvRNS_6TensorES4_S4_T0_EUlfhE_NS_6detail5ArrayIPcLi3EEEEEviS6_T1_",1,"double_precision_fu_utilization","Double-Precision Function Unit Utilization","Idle (0)","Idle (0)","Idle (0)"
"Tesla V100-PCIE-16GB (0)","void at::native::_GLOBAL__N__54_tmpxft_00002a08_00000000_12_Dropout_compute_80_cpp1_ii_6a946dbb::fused_dropout_kernel_vec<c10::Half, float, unsigned int, int=1, int=4>(at::cuda::detail::TensorInfo<c10::Half, unsigned int>, unsigned int, at::cuda::detail<unsigned char, c10::Half>, c10::Half, float, at::PhiloxCudaState)",1,"tensor_precision_fu_utilization","Tensor-Precision Function Unit Utilization","Idle (0)","Idle (0)","Idle (0)"
"Tesla V100-PCIE-16GB (0)","void at::native::_GLOBAL__N__54_tmpxft_00002a08_00000000_12_Dropout_compute_80_cpp1_ii_6a946dbb::fused_dropout_kernel_vec<c10::Half, float, unsigned int, int=1, int=4>(at::cuda::detail::TensorInfo<c10::Half, unsigned int>, unsigned int, at::cuda::detail<unsigned char, c10::Half>, c10::Half, float, at::PhiloxCudaState)",1,"single_precision_fu_utilization","Single-Precision Function Unit Utilization","Mid (5)","Mid (5)","Mid (5)"
"Tesla V100-PCIE-16GB (0)","void at::native::_GLOBAL__N__54_tmpxft_00002a08_00000000_12_Dropout_compute_80_cpp1_ii_6a946dbb::fused_dropout_kernel_vec<c10::Half, float, unsigned int, int=1, int=4>(at::cuda::detail::TensorInfo<c10::Half, unsigned int>, unsigned int, at::cuda::detail<unsigned char, c10::Half>, c10::Half, float, at::PhiloxCudaState)",1,"double_precision_fu_utilization","Double-Precision Function Unit Utilization","Idle (0)","Idle (0)","Idle (0)"
"Tesla V100-PCIE-16GB (0)","_ZN2at6native13reduce_kernelILi256ELi2ENS0_8ReduceOpIN3c104HalfENS0_14func_wrapper_tIS4_ZNS0_11sum_functorIS4_fS4_EclERNS_14TensorIteratorEEUlffE_EEjS4_Li4EEEEEvT1_",1,"tensor_precision_fu_utilization","Tensor-Precision Function Unit Utilization","Idle (0)","Idle (0)","Idle (0)"
"Tesla V100-PCIE-16GB (0)","_ZN2at6native13reduce_kernelILi256ELi2ENS0_8ReduceOpIN3c104HalfENS0_14func_wrapper_tIS4_ZNS0_11sum_functorIS4_fS4_EclERNS_14TensorIteratorEEUlffE_EEjS4_Li4EEEEEvT1_",1,"single_precision_fu_utilization","Single-Precision Function Unit Utilization","Low (2)","Low (2)","Low (2)"
"Tesla V100-PCIE-16GB (0)","_ZN2at6native13reduce_kernelILi256ELi2ENS0_8ReduceOpIN3c104HalfENS0_14func_wrapper_tIS4_ZNS0_11sum_functorIS4_fS4_EclERNS_14TensorIteratorEEUlffE_EEjS4_Li4EEEEEvT1_",1,"double_precision_fu_utilization","Double-Precision Function Unit Utilization","Idle (0)","Idle (0)","Idle (0)"
"Tesla V100-PCIE-16GB (0)","void at::native::_GLOBAL__N__70_tmpxft_00002a62_00000000_12_EmbeddingBackwardKernel_compute_80_cpp1_ii_4a9f87d3::krn_partial_segment_offset<long>(long*, at::native::_GLOBAL__N__70_tmpxft_00002a62_00000000_12_EmbeddingBackwardKernel_compute_80_cpp1_ii_4a9f87d3::krn_partial_segment_offset<long> const *, at::native::_GLOBAL__N__70_tmpxft_00002a62_00000000_12_EmbeddingBackwardKernel_compute_80_cpp1_ii_4a9f87d3::krn_partial_segment_offset<long> const , at::native::_GLOBAL__N__70_tmpxft_00002a62_00000000_12_EmbeddingBackwardKernel_compute_80_cpp1_ii_4a9f87d3::krn_partial_segment_offset<long> const , long)",1,"tensor_precision_fu_utilization","Tensor-Precision Function Unit Utilization","Idle (0)","Idle (0)","Idle (0)"
"Tesla V100-PCIE-16GB (0)","void at::native::_GLOBAL__N__70_tmpxft_00002a62_00000000_12_EmbeddingBackwardKernel_compute_80_cpp1_ii_4a9f87d3::krn_partial_segment_offset<long>(long*, at::native::_GLOBAL__N__70_tmpxft_00002a62_00000000_12_EmbeddingBackwardKernel_compute_80_cpp1_ii_4a9f87d3::krn_partial_segment_offset<long> const *, at::native::_GLOBAL__N__70_tmpxft_00002a62_00000000_12_EmbeddingBackwardKernel_compute_80_cpp1_ii_4a9f87d3::krn_partial_segment_offset<long> const , at::native::_GLOBAL__N__70_tmpxft_00002a62_00000000_12_EmbeddingBackwardKernel_compute_80_cpp1_ii_4a9f87d3::krn_partial_segment_offset<long> const , long)",1,"single_precision_fu_utilization","Single-Precision Function Unit Utilization","Low (1)","Low (1)","Low (1)"
"Tesla V100-PCIE-16GB (0)","void at::native::_GLOBAL__N__70_tmpxft_00002a62_00000000_12_EmbeddingBackwardKernel_compute_80_cpp1_ii_4a9f87d3::krn_partial_segment_offset<long>(long*, at::native::_GLOBAL__N__70_tmpxft_00002a62_00000000_12_EmbeddingBackwardKernel_compute_80_cpp1_ii_4a9f87d3::krn_partial_segment_offset<long> const *, at::native::_GLOBAL__N__70_tmpxft_00002a62_00000000_12_EmbeddingBackwardKernel_compute_80_cpp1_ii_4a9f87d3::krn_partial_segment_offset<long> const , at::native::_GLOBAL__N__70_tmpxft_00002a62_00000000_12_EmbeddingBackwardKernel_compute_80_cpp1_ii_4a9f87d3::krn_partial_segment_offset<long> const , long)",1,"double_precision_fu_utilization","Double-Precision Function Unit Utilization","Idle (0)","Idle (0)","Idle (0)"
"Tesla V100-PCIE-16GB (0)","void at::native::vectorized_elementwise_kernel<int=4, at::native::FillFunctor<c10::Half>, at::detail::Array<char*, int=1>>(int, c10::Half, at::native::FillFunctor<c10::Half>)",3,"tensor_precision_fu_utilization","Tensor-Precision Function Unit Utilization","Idle (0)","Idle (0)","Idle (0)"
"Tesla V100-PCIE-16GB (0)","void at::native::vectorized_elementwise_kernel<int=4, at::native::FillFunctor<c10::Half>, at::detail::Array<char*, int=1>>(int, c10::Half, at::native::FillFunctor<c10::Half>)",3,"single_precision_fu_utilization","Single-Precision Function Unit Utilization","Low (1)","Low (1)","Low (1)"
"Tesla V100-PCIE-16GB (0)","void at::native::vectorized_elementwise_kernel<int=4, at::native::FillFunctor<c10::Half>, at::detail::Array<char*, int=1>>(int, c10::Half, at::native::FillFunctor<c10::Half>)",3,"double_precision_fu_utilization","Double-Precision Function Unit Utilization","Idle (0)","Idle (0)","Idle (0)"
"Tesla V100-PCIE-16GB (0)","void at::native::_GLOBAL__N__70_tmpxft_00002a62_00000000_12_EmbeddingBackwardKernel_compute_80_cpp1_ii_4a9f87d3::krn_partials_per_segment<long>(long*, at::native::_GLOBAL__N__70_tmpxft_00002a62_00000000_12_EmbeddingBackwardKernel_compute_80_cpp1_ii_4a9f87d3::krn_partials_per_segment<long> const *, long, long)",1,"tensor_precision_fu_utilization","Tensor-Precision Function Unit Utilization","Idle (0)","Idle (0)","Idle (0)"
"Tesla V100-PCIE-16GB (0)","void at::native::_GLOBAL__N__70_tmpxft_00002a62_00000000_12_EmbeddingBackwardKernel_compute_80_cpp1_ii_4a9f87d3::krn_partials_per_segment<long>(long*, at::native::_GLOBAL__N__70_tmpxft_00002a62_00000000_12_EmbeddingBackwardKernel_compute_80_cpp1_ii_4a9f87d3::krn_partials_per_segment<long> const *, long, long)",1,"single_precision_fu_utilization","Single-Precision Function Unit Utilization","Low (1)","Low (1)","Low (1)"
"Tesla V100-PCIE-16GB (0)","void at::native::_GLOBAL__N__70_tmpxft_00002a62_00000000_12_EmbeddingBackwardKernel_compute_80_cpp1_ii_4a9f87d3::krn_partials_per_segment<long>(long*, at::native::_GLOBAL__N__70_tmpxft_00002a62_00000000_12_EmbeddingBackwardKernel_compute_80_cpp1_ii_4a9f87d3::krn_partials_per_segment<long> const *, long, long)",1,"double_precision_fu_utilization","Double-Precision Function Unit Utilization","Idle (0)","Idle (0)","Idle (0)"
"Tesla V100-PCIE-16GB (0)","cudnn::initstates(__int64, curandStateXORWOW*)",1,"tensor_precision_fu_utilization","Tensor-Precision Function Unit Utilization","Idle (0)","Idle (0)","Idle (0)"
"Tesla V100-PCIE-16GB (0)","cudnn::initstates(__int64, curandStateXORWOW*)",1,"single_precision_fu_utilization","Single-Precision Function Unit Utilization","Low (1)","Low (1)","Low (1)"
"Tesla V100-PCIE-16GB (0)","cudnn::initstates(__int64, curandStateXORWOW*)",1,"double_precision_fu_utilization","Double-Precision Function Unit Utilization","Idle (0)","Idle (0)","Idle (0)"
"Tesla V100-PCIE-16GB (0)","void thrust::cuda_cub::core::_kernel_agent<thrust::cuda_cub::__unique_by_key::UniqueByKeyAgent<thrust::device_ptr<long>, thrust::counting_iterator<int, thrust::use_default, thrust::use_default, thrust::use_default>, thrust::device_ptr<long>, thrust::device_ptr<long>, thrust::equal_to<long>, int, int*>, thrust::device_ptr<long>, thrust::counting_iterator<int, thrust::use_default, thrust::use_default, thrust::use_default>, thrust::device_ptr<long>, thrust::device_ptr<long>, thrust::equal_to<long>, int*, int, cub::ScanTileState<int, bool=1>, unsigned long>(thrust::device_ptr<long>, int, thrust::use_default, thrust::use_default, thrust::use_default, thrust::counting_iterator<int, thrust::use_default, thrust::use_default, thrust::use_default>, thrust::device_ptr<long>, thrust::device_ptr<long>, long)",1,"tensor_precision_fu_utilization","Tensor-Precision Function Unit Utilization","Idle (0)","Idle (0)","Idle (0)"
"Tesla V100-PCIE-16GB (0)","void thrust::cuda_cub::core::_kernel_agent<thrust::cuda_cub::__unique_by_key::UniqueByKeyAgent<thrust::device_ptr<long>, thrust::counting_iterator<int, thrust::use_default, thrust::use_default, thrust::use_default>, thrust::device_ptr<long>, thrust::device_ptr<long>, thrust::equal_to<long>, int, int*>, thrust::device_ptr<long>, thrust::counting_iterator<int, thrust::use_default, thrust::use_default, thrust::use_default>, thrust::device_ptr<long>, thrust::device_ptr<long>, thrust::equal_to<long>, int*, int, cub::ScanTileState<int, bool=1>, unsigned long>(thrust::device_ptr<long>, int, thrust::use_default, thrust::use_default, thrust::use_default, thrust::counting_iterator<int, thrust::use_default, thrust::use_default, thrust::use_default>, thrust::device_ptr<long>, thrust::device_ptr<long>, long)",1,"single_precision_fu_utilization","Single-Precision Function Unit Utilization","Low (1)","Low (1)","Low (1)"
"Tesla V100-PCIE-16GB (0)","void thrust::cuda_cub::core::_kernel_agent<thrust::cuda_cub::__unique_by_key::UniqueByKeyAgent<thrust::device_ptr<long>, thrust::counting_iterator<int, thrust::use_default, thrust::use_default, thrust::use_default>, thrust::device_ptr<long>, thrust::device_ptr<long>, thrust::equal_to<long>, int, int*>, thrust::device_ptr<long>, thrust::counting_iterator<int, thrust::use_default, thrust::use_default, thrust::use_default>, thrust::device_ptr<long>, thrust::device_ptr<long>, thrust::equal_to<long>, int*, int, cub::ScanTileState<int, bool=1>, unsigned long>(thrust::device_ptr<long>, int, thrust::use_default, thrust::use_default, thrust::use_default, thrust::counting_iterator<int, thrust::use_default, thrust::use_default, thrust::use_default>, thrust::device_ptr<long>, thrust::device_ptr<long>, long)",1,"double_precision_fu_utilization","Double-Precision Function Unit Utilization","Idle (0)","Idle (0)","Idle (0)"
"Tesla V100-PCIE-16GB (0)","void thrust::cuda_cub::core::_kernel_agent<thrust::cuda_cub::__unique_by_key::InitAgent<cub::ScanTileState<int, bool=1>, int*, int>, cub::ScanTileState<int, bool=1>, unsigned long, int*>(bool=1, cub::ScanTileState<int, bool=1>, int*)",1,"tensor_precision_fu_utilization","Tensor-Precision Function Unit Utilization","Idle (0)","Idle (0)","Idle (0)"
"Tesla V100-PCIE-16GB (0)","void thrust::cuda_cub::core::_kernel_agent<thrust::cuda_cub::__unique_by_key::InitAgent<cub::ScanTileState<int, bool=1>, int*, int>, cub::ScanTileState<int, bool=1>, unsigned long, int*>(bool=1, cub::ScanTileState<int, bool=1>, int*)",1,"single_precision_fu_utilization","Single-Precision Function Unit Utilization","Low (1)","Low (1)","Low (1)"
"Tesla V100-PCIE-16GB (0)","void thrust::cuda_cub::core::_kernel_agent<thrust::cuda_cub::__unique_by_key::InitAgent<cub::ScanTileState<int, bool=1>, int*, int>, cub::ScanTileState<int, bool=1>, unsigned long, int*>(bool=1, cub::ScanTileState<int, bool=1>, int*)",1,"double_precision_fu_utilization","Double-Precision Function Unit Utilization","Idle (0)","Idle (0)","Idle (0)"
"Tesla V100-PCIE-16GB (0)","void at::native::_GLOBAL__N__55_tmpxft_00002f56_00000000_12_Indexing_compute_80_cpp1_ii_09181334::indexSelectLargeIndex<float, long, unsigned int, int=2, int=2, int=-2, bool=1>(at::cuda::detail::TensorInfo<float, unsigned int>, unsigned int, at::cuda::detail<long, float>, int, int, float, float, long)",1,"tensor_precision_fu_utilization","Tensor-Precision Function Unit Utilization","Idle (0)","Idle (0)","Idle (0)"
"Tesla V100-PCIE-16GB (0)","void at::native::_GLOBAL__N__55_tmpxft_00002f56_00000000_12_Indexing_compute_80_cpp1_ii_09181334::indexSelectLargeIndex<float, long, unsigned int, int=2, int=2, int=-2, bool=1>(at::cuda::detail::TensorInfo<float, unsigned int>, unsigned int, at::cuda::detail<long, float>, int, int, float, float, long)",1,"single_precision_fu_utilization","Single-Precision Function Unit Utilization","Low (3)","Low (3)","Low (3)"
"Tesla V100-PCIE-16GB (0)","void at::native::_GLOBAL__N__55_tmpxft_00002f56_00000000_12_Indexing_compute_80_cpp1_ii_09181334::indexSelectLargeIndex<float, long, unsigned int, int=2, int=2, int=-2, bool=1>(at::cuda::detail::TensorInfo<float, unsigned int>, unsigned int, at::cuda::detail<long, float>, int, int, float, float, long)",1,"double_precision_fu_utilization","Double-Precision Function Unit Utilization","Idle (0)","Idle (0)","Idle (0)"
"Tesla V100-PCIE-16GB (0)","volta_fp16_s884gemm_fp16_64x64_ldg8_f2f_tn",88,"tensor_precision_fu_utilization","Tensor-Precision Function Unit Utilization","Low (2)","Low (3)","Low (2)"
"Tesla V100-PCIE-16GB (0)","volta_fp16_s884gemm_fp16_64x64_ldg8_f2f_tn",88,"single_precision_fu_utilization","Single-Precision Function Unit Utilization","Low (1)","Low (1)","Low (1)"
"Tesla V100-PCIE-16GB (0)","volta_fp16_s884gemm_fp16_64x64_ldg8_f2f_tn",88,"double_precision_fu_utilization","Double-Precision Function Unit Utilization","Idle (0)","Idle (0)","Idle (0)"
"Tesla V100-PCIE-16GB (0)","void at::native::reduce_kernel<int=512, int=1, at::native::ReduceOp<float, at::native::NormTwoOps<float, float>, unsigned int, float, int=4>>(float)",12,"tensor_precision_fu_utilization","Tensor-Precision Function Unit Utilization","Idle (0)","Idle (0)","Idle (0)"
"Tesla V100-PCIE-16GB (0)","void at::native::reduce_kernel<int=512, int=1, at::native::ReduceOp<float, at::native::NormTwoOps<float, float>, unsigned int, float, int=4>>(float)",12,"single_precision_fu_utilization","Single-Precision Function Unit Utilization","Low (1)","Low (2)","Low (1)"
"Tesla V100-PCIE-16GB (0)","void at::native::reduce_kernel<int=512, int=1, at::native::ReduceOp<float, at::native::NormTwoOps<float, float>, unsigned int, float, int=4>>(float)",12,"double_precision_fu_utilization","Double-Precision Function Unit Utilization","Idle (0)","Idle (0)","Idle (0)"
"Tesla V100-PCIE-16GB (0)","void thrust::cuda_cub::core::_kernel_agent<thrust::cuda_cub::__scan::InitAgent<cub::ScanTileState<long, bool=1>, int>, cub::ScanTileState<long, bool=1>, int>(bool=1, cub::ScanTileState<long, bool=1>)",1,"tensor_precision_fu_utilization","Tensor-Precision Function Unit Utilization","Idle (0)","Idle (0)","Idle (0)"
"Tesla V100-PCIE-16GB (0)","void thrust::cuda_cub::core::_kernel_agent<thrust::cuda_cub::__scan::InitAgent<cub::ScanTileState<long, bool=1>, int>, cub::ScanTileState<long, bool=1>, int>(bool=1, cub::ScanTileState<long, bool=1>)",1,"single_precision_fu_utilization","Single-Precision Function Unit Utilization","Low (1)","Low (1)","Low (1)"
"Tesla V100-PCIE-16GB (0)","void thrust::cuda_cub::core::_kernel_agent<thrust::cuda_cub::__scan::InitAgent<cub::ScanTileState<long, bool=1>, int>, cub::ScanTileState<long, bool=1>, int>(bool=1, cub::ScanTileState<long, bool=1>)",1,"double_precision_fu_utilization","Double-Precision Function Unit Utilization","Idle (0)","Idle (0)","Idle (0)"
"Tesla V100-PCIE-16GB (0)","volta_fp16_s884gemm_fp16_128x128_ldg8_f2f_stages_32x1_nt",4,"tensor_precision_fu_utilization","Tensor-Precision Function Unit Utilization","Mid (5)","Mid (6)","Mid (5)"
"Tesla V100-PCIE-16GB (0)","volta_fp16_s884gemm_fp16_128x128_ldg8_f2f_stages_32x1_nt",4,"single_precision_fu_utilization","Single-Precision Function Unit Utilization","Low (1)","Low (1)","Low (1)"
"Tesla V100-PCIE-16GB (0)","volta_fp16_s884gemm_fp16_128x128_ldg8_f2f_stages_32x1_nt",4,"double_precision_fu_utilization","Double-Precision Function Unit Utilization","Idle (0)","Idle (0)","Idle (0)"
"Tesla V100-PCIE-16GB (0)","void at::native::_GLOBAL__N__70_tmpxft_00002a62_00000000_12_EmbeddingBackwardKernel_compute_80_cpp1_ii_4a9f87d3::compute_grad_weight<float, long>(long*, float*, long, long, long, long, long, at::AccumulateType<long*, bool=1>::type*, long)",1,"tensor_precision_fu_utilization","Tensor-Precision Function Unit Utilization","Idle (0)","Idle (0)","Idle (0)"
"Tesla V100-PCIE-16GB (0)","void at::native::_GLOBAL__N__70_tmpxft_00002a62_00000000_12_EmbeddingBackwardKernel_compute_80_cpp1_ii_4a9f87d3::compute_grad_weight<float, long>(long*, float*, long, long, long, long, long, at::AccumulateType<long*, bool=1>::type*, long)",1,"single_precision_fu_utilization","Single-Precision Function Unit Utilization","Low (2)","Low (2)","Low (2)"
"Tesla V100-PCIE-16GB (0)","void at::native::_GLOBAL__N__70_tmpxft_00002a62_00000000_12_EmbeddingBackwardKernel_compute_80_cpp1_ii_4a9f87d3::compute_grad_weight<float, long>(long*, float*, long, long, long, long, long, at::AccumulateType<long*, bool=1>::type*, long)",1,"double_precision_fu_utilization","Double-Precision Function Unit Utilization","Idle (0)","Idle (0)","Idle (0)"
"Tesla V100-PCIE-16GB (0)","void at::native::_GLOBAL__N__70_tmpxft_00002a62_00000000_12_EmbeddingBackwardKernel_compute_80_cpp1_ii_4a9f87d3::sum_and_scatter<float, long>(long*, float*, long, long, long, at::AccumulateType<long*, bool=1>::type const *, at::native::_GLOBAL__N__70_tmpxft_00002a62_00000000_12_EmbeddingBackwardKernel_compute_80_cpp1_ii_4a9f87d3::sum_and_scatter<float, long> const *, long, long, long)",1,"tensor_precision_fu_utilization","Tensor-Precision Function Unit Utilization","Idle (0)","Idle (0)","Idle (0)"
"Tesla V100-PCIE-16GB (0)","void at::native::_GLOBAL__N__70_tmpxft_00002a62_00000000_12_EmbeddingBackwardKernel_compute_80_cpp1_ii_4a9f87d3::sum_and_scatter<float, long>(long*, float*, long, long, long, at::AccumulateType<long*, bool=1>::type const *, at::native::_GLOBAL__N__70_tmpxft_00002a62_00000000_12_EmbeddingBackwardKernel_compute_80_cpp1_ii_4a9f87d3::sum_and_scatter<float, long> const *, long, long, long)",1,"single_precision_fu_utilization","Single-Precision Function Unit Utilization","Low (2)","Low (2)","Low (2)"
"Tesla V100-PCIE-16GB (0)","void at::native::_GLOBAL__N__70_tmpxft_00002a62_00000000_12_EmbeddingBackwardKernel_compute_80_cpp1_ii_4a9f87d3::sum_and_scatter<float, long>(long*, float*, long, long, long, at::AccumulateType<long*, bool=1>::type const *, at::native::_GLOBAL__N__70_tmpxft_00002a62_00000000_12_EmbeddingBackwardKernel_compute_80_cpp1_ii_4a9f87d3::sum_and_scatter<float, long> const *, long, long, long)",1,"double_precision_fu_utilization","Double-Precision Function Unit Utilization","Idle (0)","Idle (0)","Idle (0)"
"Tesla V100-PCIE-16GB (0)","void at::native::vectorized_elementwise_kernel<int=4, at::native::AddFunctor<float>, at::detail::Array<char*, int=3>>(int, float, at::native::AddFunctor<float>)",11,"tensor_precision_fu_utilization","Tensor-Precision Function Unit Utilization","Idle (0)","Idle (0)","Idle (0)"
"Tesla V100-PCIE-16GB (0)","void at::native::vectorized_elementwise_kernel<int=4, at::native::AddFunctor<float>, at::detail::Array<char*, int=3>>(int, float, at::native::AddFunctor<float>)",11,"single_precision_fu_utilization","Single-Precision Function Unit Utilization","Low (1)","Low (1)","Low (1)"
"Tesla V100-PCIE-16GB (0)","void at::native::vectorized_elementwise_kernel<int=4, at::native::AddFunctor<float>, at::detail::Array<char*, int=3>>(int, float, at::native::AddFunctor<float>)",11,"double_precision_fu_utilization","Double-Precision Function Unit Utilization","Idle (0)","Idle (0)","Idle (0)"
"Tesla V100-PCIE-16GB (0)","_ZN2at6native27unrolled_elementwise_kernelIZZZNS0_21copy_device_to_deviceERNS_14TensorIteratorEbENKUlvE0_clEvENKUlvE6_clEvEUlfE_NS_6detail5ArrayIPcLi2EEE23TrivialOffsetCalculatorILi1EjESC_NS0_6memory12LoadWithCastILi1EEENSD_13StoreWithCastEEEviT_T0_T1_T2_T3_T4_",12,"tensor_precision_fu_utilization","Tensor-Precision Function Unit Utilization","Idle (0)","Idle (0)","Idle (0)"
"Tesla V100-PCIE-16GB (0)","_ZN2at6native27unrolled_elementwise_kernelIZZZNS0_21copy_device_to_deviceERNS_14TensorIteratorEbENKUlvE0_clEvENKUlvE6_clEvEUlfE_NS_6detail5ArrayIPcLi2EEE23TrivialOffsetCalculatorILi1EjESC_NS0_6memory12LoadWithCastILi1EEENSD_13StoreWithCastEEEviT_T0_T1_T2_T3_T4_",12,"single_precision_fu_utilization","Single-Precision Function Unit Utilization","Low (1)","Low (2)","Low (1)"
"Tesla V100-PCIE-16GB (0)","_ZN2at6native27unrolled_elementwise_kernelIZZZNS0_21copy_device_to_deviceERNS_14TensorIteratorEbENKUlvE0_clEvENKUlvE6_clEvEUlfE_NS_6detail5ArrayIPcLi2EEE23TrivialOffsetCalculatorILi1EjESC_NS0_6memory12LoadWithCastILi1EEENSD_13StoreWithCastEEEviT_T0_T1_T2_T3_T4_",12,"double_precision_fu_utilization","Double-Precision Function Unit Utilization","Idle (0)","Idle (0)","Idle (0)"
"Tesla V100-PCIE-16GB (0)","void cutlass::Kernel<cutlass_70_tensorop_f16_s884gemm_f16_256x128_nn_align2>(cutlass_70_tensorop_f16_s884gemm_f16_256x128_nn_align2Params)",1,"tensor_precision_fu_utilization","Tensor-Precision Function Unit Utilization","High (7)","High (7)","High (7)"
"Tesla V100-PCIE-16GB (0)","void cutlass::Kernel<cutlass_70_tensorop_f16_s884gemm_f16_256x128_nn_align2>(cutlass_70_tensorop_f16_s884gemm_f16_256x128_nn_align2Params)",1,"single_precision_fu_utilization","Single-Precision Function Unit Utilization","Low (1)","Low (1)","Low (1)"
"Tesla V100-PCIE-16GB (0)","void cutlass::Kernel<cutlass_70_tensorop_f16_s884gemm_f16_256x128_nn_align2>(cutlass_70_tensorop_f16_s884gemm_f16_256x128_nn_align2Params)",1,"double_precision_fu_utilization","Double-Precision Function Unit Utilization","Idle (0)","Idle (0)","Idle (0)"
